-- MySQL Script generated by MySQL Workbench
-- Mon Nov  7 18:44:53 2022
-- Model: New Model    Version: 1.0
-- MySQL Workbench Forward Engineering

SET @OLD_UNIQUE_CHECKS=@@UNIQUE_CHECKS, UNIQUE_CHECKS=0;
SET @OLD_FOREIGN_KEY_CHECKS=@@FOREIGN_KEY_CHECKS, FOREIGN_KEY_CHECKS=0;
SET @OLD_SQL_MODE=@@SQL_MODE, SQL_MODE='ONLY_FULL_GROUP_BY,STRICT_TRANS_TABLES,NO_ZERO_IN_DATE,NO_ZERO_DATE,ERROR_FOR_DIVISION_BY_ZERO,NO_ENGINE_SUBSTITUTION';

-- -----------------------------------------------------
-- Schema QuizMYSQL
-- -----------------------------------------------------
DROP SCHEMA IF EXISTS `QuizMYSQL` ;

-- -----------------------------------------------------
-- Schema QuizMYSQL
-- -----------------------------------------------------
CREATE SCHEMA IF NOT EXISTS `QuizMYSQL` DEFAULT CHARACTER SET utf8 ;
USE `QuizMYSQL` ;

-- -----------------------------------------------------
-- Table `QuizMYSQL`.`answer`
-- -----------------------------------------------------
DROP TABLE IF EXISTS `QuizMYSQL`.`answer` ;

CREATE TABLE IF NOT EXISTS `QuizMYSQL`.`answer` (
  `idAnswer` INT(45) NOT NULL AUTO_INCREMENT PRIMARY KEY,
  `answer` VARCHAR(45) NOT NULL,
  `expected` TINYINT NOT NULL,
  `selected` TINYINT NULL,
  `question_idquestion` INT NOT NULL,
  `quizID` INT NULL,
  `studentID` INT NULL,
  INDEX `fk_answer_question_idx` (`question_idquestion` ASC) VISIBLE,
  CONSTRAINT `fk_answer_question`
    FOREIGN KEY (`question_idquestion`)
    REFERENCES `QuizMYSQL`.`question` (`idquestion`)
    ON DELETE CASCADE
    ON UPDATE NO ACTION)
ENGINE = InnoDB;


-- -----------------------------------------------------
-- Table `QuizMYSQL`.`qp`
-- -----------------------------------------------------
DROP TABLE IF EXISTS `QuizMYSQL`.`qp` ;

CREATE TABLE IF NOT EXISTS `QuizMYSQL`.`qp` (
  `poolid` VARCHAR(45) NOT NULL,
  PRIMARY KEY (`poolid`),
  UNIQUE INDEX `poolid_UNIQUE` (`poolid` ASC) VISIBLE)
ENGINE = InnoDB;


-- -----------------------------------------------------
-- Table `QuizMYSQL`.`question`
-- -----------------------------------------------------
DROP TABLE IF EXISTS `QuizMYSQL`.`question` ;

CREATE TABLE IF NOT EXISTS `QuizMYSQL`.`question` (
  `idquestion` INT NOT NULL AUTO_INCREMENT,
  `question` VARCHAR(45) NOT NULL,
  `points` FLOAT NOT NULL,
  `qp_poolid` VARCHAR(45) NOT NULL,
  PRIMARY KEY (`idquestion`),
  INDEX `fk_question_qp1_idx` (`qp_poolid` ASC) VISIBLE,
  UNIQUE INDEX `idquestion_UNIQUE` (`idquestion` ASC) VISIBLE,
  CONSTRAINT `fk_question_qp1`
    FOREIGN KEY (`qp_poolid`)
    REFERENCES `QuizMYSQL`.`qp` (`poolid`)
    ON DELETE cascade
    ON UPDATE NO ACTION)
ENGINE = InnoDB;


-- -----------------------------------------------------
-- Table `QuizMYSQL`.`quiz`
-- -----------------------------------------------------
DROP TABLE IF EXISTS `QuizMYSQL`.`quiz` ;

CREATE TABLE IF NOT EXISTS `QuizMYSQL`.`quiz` (
  `idquiz` INT NOT NULL AUTO_INCREMENT,
  `qp_poolid` VARCHAR(45) NOT NULL,
  `title` VARCHAR(45) NOT NULL,
  `startdate` VARCHAR(45) NOT NULL,
  `enddate` VARCHAR(45) NOT NULL,
  `duration` INT NOT NULL,
  `totalpoints` INT NOT NULL,
  PRIMARY KEY (`idquiz`),
  INDEX `fk_quiz_qp1_idx` (`qp_poolid` ASC) VISIBLE,
  UNIQUE INDEX `idquiz_UNIQUE` (`idquiz` ASC) VISIBLE)
ENGINE = InnoDB;

-- -----------------------------------------------------
-- Table `QuizMYSQL`.`studentQuizzes`
-- -----------------------------------------------------
DROP TABLE IF EXISTS `QuizMYSQL`.`studentQuizzes` ;

CREATE TABLE IF NOT EXISTS `QuizMYSQL`.`studentQuizzes` (
  `idquiz` INT NOT NULL,
  `idstudent` INT NOT NULL,
  `pointsAchieved` INT NOT NULL,
  FOREIGN KEY (`idquiz`) REFERENCES `QuizMYSQL`.`quiz` (`idquiz`))
ENGINE = InnoDB;


SET SQL_MODE=@OLD_SQL_MODE;
SET FOREIGN_KEY_CHECKS=@OLD_FOREIGN_KEY_CHECKS;
SET UNIQUE_CHECKS=@OLD_UNIQUE_CHECKS;


set global max_connections = 10000;

select * from qp;
select * from question;
select * from answer;
select * from quiz;
select * from studentQuizzes;

-- Quiz 1 --

insert into qp(poolid) values ("thebestpool");

INSERT INTO question (idquestion,question,points,qp_poolid) values(1,"What do you wear on your feet",1,'thebestpool');
INSERT INTO question (idquestion,question,points,qp_poolid) values(2,"How many sides in a triangle?",1,'thebestpool');
INSERT INTO question (idquestion,question,points,qp_poolid) values(3,"What colour is a giraffe?",1,'thebestpool');
INSERT INTO question (idquestion,question,points,qp_poolid) values(4,"Which word(s) has the letter e in it?",1,'thebestpool');
INSERT INTO question (idquestion,question,points,qp_poolid) values(5,"What is 1+1?",1,'thebestpool');

INSERT INTO answer (idAnswer,answer,expected,selected,question_idquestion) values(1,"Shoes",1,0,1);
INSERT INTO answer (idAnswer,answer,expected,selected,question_idquestion) values(2,"Socks",1,0,1);
INSERT INTO answer (idAnswer,answer,expected,selected,question_idquestion) values(3,"Hat",0,0,1);
INSERT INTO answer (idAnswer,answer,expected,selected,question_idquestion) values(4,"Shirt",0,0,1);

INSERT INTO answer (idAnswer,answer,expected,selected,question_idquestion) values(5,"20",0,0,2);
INSERT INTO answer (idAnswer,answer,expected,selected,question_idquestion) values(6,"15",0,0,2);
INSERT INTO answer (idAnswer,answer,expected,selected,question_idquestion) values(7,"3",1,0,2);

INSERT INTO answer (idAnswer,answer,expected,selected,question_idquestion) values(8,"Blue",0,0,3);
INSERT INTO answer (idAnswer,answer,expected,selected,question_idquestion) values(9,"Red",0,0,3);
INSERT INTO answer (idAnswer,answer,expected,selected,question_idquestion) values(10,"Black",0,0,3);
INSERT INTO answer (idAnswer,answer,expected,selected,question_idquestion) values(11,"Yellow",1,0,3);

INSERT INTO answer (idAnswer,answer,expected,selected,question_idquestion) values(12,"the",1,0,4);
INSERT INTO answer (idAnswer,answer,expected,selected,question_idquestion) values(13,"cat",0,0,4);
INSERT INTO answer (idAnswer,answer,expected,selected,question_idquestion) values(14,"monkey",1,0,4);
INSERT INTO answer (idAnswer,answer,expected,selected,question_idquestion) values(15,"mirror",0,0,4);

INSERT INTO answer (idAnswer,answer,expected,selected,question_idquestion) values(16,"4",0,0,5);
INSERT INTO answer (idAnswer,answer,expected,selected,question_idquestion) values(17,"2",1,0,5);
INSERT INTO answer (idAnswer,answer,expected,selected,question_idquestion) values(18,"3",0,0,5);

INSERT INTO quiz (idquiz,qp_poolid,title,startdate,enddate,duration,totalpoints) values("1","thebestpool","The Best Quiz","2022-12-08", "2022-12-11", 120, 5);

-- Quiz 2 --

insert into qp(poolid) values ("mathpool");

INSERT INTO question (idquestion,question,points,qp_poolid) values(6,"1 + 1 = ?",1,'mathpool');
INSERT INTO question (idquestion,question,points,qp_poolid) values(7,"2 * 2 = ?",1,'mathpool');
INSERT INTO question (idquestion,question,points,qp_poolid) values(8,"10 * 10 + 1 = ?",1,'mathpool');

INSERT INTO answer (idAnswer,answer,expected,selected,question_idquestion) values(19,"2",1,0,6);
INSERT INTO answer (idAnswer,answer,expected,selected,question_idquestion) values(20,"0",0,0,6);
INSERT INTO answer (idAnswer,answer,expected,selected,question_idquestion) values(21,"1",0,0,6);
INSERT INTO answer (idAnswer,answer,expected,selected,question_idquestion) values(22,"10",0,0,6);

INSERT INTO answer (idAnswer,answer,expected,selected,question_idquestion) values(23,"4",1,0,7);
INSERT INTO answer (idAnswer,answer,expected,selected,question_idquestion) values(24,"8",0,0,7);
INSERT INTO answer (idAnswer,answer,expected,selected,question_idquestion) values(25,"2",0,0,7);

INSERT INTO answer (idAnswer,answer,expected,selected,question_idquestion) values(26,"10",0,0,8);
INSERT INTO answer (idAnswer,answer,expected,selected,question_idquestion) values(27,"100",0,0,8);
INSERT INTO answer (idAnswer,answer,expected,selected,question_idquestion) values(28,"1000",0,0,8);
INSERT INTO answer (idAnswer,answer,expected,selected,question_idquestion) values(29,"101",1,0,8);

INSERT INTO quiz (idquiz,qp_poolid,title,startdate,enddate,duration,totalpoints) values("2","mathpool","Scary Movie","2022-12-08", "2022-12-15", 5, 3);

select * from qp;
select * from question;
select * from answer;
select * from quiz;
select * from studentQuizzes;